plane_code,AIRCRAFT,AIRLINE,OPERATOR,TYPE CODE,Code,MODE S
N322US,Airbus A320-211,Delta Air Lines,Delta Air Lines,A320,DL / DAL,A37791
plane_code,AIRCRAFT,AIRLINE,OPERATOR,TYPE CODE,Code,MODE S
N322US,Airbus A320-211,Delta Air Lines,Delta Air Lines,A320,DL / DAL,A37791
N472UA,Airbus A320-232,United Airlines,United Airlines,A320,UA / UAL,A5CA4B
plane_code,AIRCRAFT,AIRLINE,OPERATOR,TYPE CODE,Code,MODE S
N322US,Airbus A320-211,Delta Air Lines,Delta Air Lines,A320,DL / DAL,A37791
N472UA,Airbus A320-232,United Airlines,United Airlines,A320,UA / UAL,A5CA4B
N69063,Boeing 767-424(ER),United Airlines,United Airlines,B764,UA / UAL,A92DFC
plane_code,AIRCRAFT,AIRLINE,OPERATOR,TYPE CODE,Code,MODE S
N322US,Airbus A320-211,Delta Air Lines,Delta Air Lines,A320,DL / DAL,A37791
N472UA,Airbus A320-232,United Airlines,United Airlines,A320,UA / UAL,A5CA4B
N69063,Boeing 767-424(ER),United Airlines,United Airlines,B764,UA / UAL,A92DFC
N407AS,Boeing 737-990(ER),Alaska Airlines,Alaska Airlines,B739,AS / ASA,A4C6B3
plane_code,AIRCRAFT,AIRLINE,OPERATOR,TYPE CODE,Code,MODE S
N322US,Airbus A320-211,Delta Air Lines,Delta Air Lines,A320,DL / DAL,A37791
N472UA,Airbus A320-232,United Airlines,United Airlines,A320,UA / UAL,A5CA4B
N69063,Boeing 767-424(ER),United Airlines,United Airlines,B764,UA / UAL,A92DFC
N407AS,Boeing 737-990(ER),Alaska Airlines,Alaska Airlines,B739,AS / ASA,A4C6B3
N3744F,Boeing 737-832,Delta Air Lines,Delta Air Lines,B738,DL / DAL,A44591
plane_code,AIRCRAFT,AIRLINE,OPERATOR,TYPE CODE,Code,MODE S
N322US,Airbus A320-211,Delta Air Lines,Delta Air Lines,A320,DL / DAL,A37791
N472UA,Airbus A320-232,United Airlines,United Airlines,A320,UA / UAL,A5CA4B
N69063,Boeing 767-424(ER),United Airlines,United Airlines,B764,UA / UAL,A92DFC
N407AS,Boeing 737-990(ER),Alaska Airlines,Alaska Airlines,B739,AS / ASA,A4C6B3
N3744F,Boeing 737-832,Delta Air Lines,Delta Air Lines,B738,DL / DAL,A44591
N37298,Boeing 737-824,United Airlines,United Airlines,B738,UA / UAL,A43EED
plane_code,AIRCRAFT,AIRLINE,OPERATOR,TYPE CODE,Code,MODE S
N322US,Airbus A320-211,Delta Air Lines,Delta Air Lines,A320,DL / DAL,A37791
N472UA,Airbus A320-232,United Airlines,United Airlines,A320,UA / UAL,A5CA4B
N69063,Boeing 767-424(ER),United Airlines,United Airlines,B764,UA / UAL,A92DFC
N407AS,Boeing 737-990(ER),Alaska Airlines,Alaska Airlines,B739,AS / ASA,A4C6B3
N3744F,Boeing 737-832,Delta Air Lines,Delta Air Lines,B738,DL / DAL,A44591
N37298,Boeing 737-824,United Airlines,United Airlines,B738,UA / UAL,A43EED
N818UA,Airbus A319-131,United Airlines,United Airlines,A319,UA / UAL,AB28D7
plane_code,AIRCRAFT,AIRLINE,OPERATOR,TYPE CODE,Code,MODE S
N322US,Airbus A320-211,Delta Air Lines,Delta Air Lines,A320,DL / DAL,A37791
N472UA,Airbus A320-232,United Airlines,United Airlines,A320,UA / UAL,A5CA4B
N69063,Boeing 767-424(ER),United Airlines,United Airlines,B764,UA / UAL,A92DFC
N407AS,Boeing 737-990(ER),Alaska Airlines,Alaska Airlines,B739,AS / ASA,A4C6B3
N3744F,Boeing 737-832,Delta Air Lines,Delta Air Lines,B738,DL / DAL,A44591
N37298,Boeing 737-824,United Airlines,United Airlines,B738,UA / UAL,A43EED
N818UA,Airbus A319-131,United Airlines,United Airlines,A319,UA / UAL,AB28D7
N587NW,Boeing 757-351,Delta Air Lines,Delta Air Lines,B753,DL / DAL,A7912A
plane_code,AIRCRAFT,AIRLINE,OPERATOR,TYPE CODE,Code,MODE S
N322US,Airbus A320-211,Delta Air Lines,Delta Air Lines,A320,DL / DAL,A37791
N472UA,Airbus A320-232,United Airlines,United Airlines,A320,UA / UAL,A5CA4B
N69063,Boeing 767-424(ER),United Airlines,United Airlines,B764,UA / UAL,A92DFC
N407AS,Boeing 737-990(ER),Alaska Airlines,Alaska Airlines,B739,AS / ASA,A4C6B3
N3744F,Boeing 737-832,Delta Air Lines,Delta Air Lines,B738,DL / DAL,A44591
N37298,Boeing 737-824,United Airlines,United Airlines,B738,UA / UAL,A43EED
N818UA,Airbus A319-131,United Airlines,United Airlines,A319,UA / UAL,AB28D7
N587NW,Boeing 757-351,Delta Air Lines,Delta Air Lines,B753,DL / DAL,A7912A
N197PQ,Mitsubishi CRJ-900LR,Delta Connection,Endeavor Air,CRJ9,9E / EDV,A18380
plane_code,AIRCRAFT,AIRLINE,OPERATOR,TYPE CODE,Code,MODE S
N322US,Airbus A320-211,Delta Air Lines,Delta Air Lines,A320,DL / DAL,A37791
N472UA,Airbus A320-232,United Airlines,United Airlines,A320,UA / UAL,A5CA4B
N69063,Boeing 767-424(ER),United Airlines,United Airlines,B764,UA / UAL,A92DFC
N407AS,Boeing 737-990(ER),Alaska Airlines,Alaska Airlines,B739,AS / ASA,A4C6B3
N3744F,Boeing 737-832,Delta Air Lines,Delta Air Lines,B738,DL / DAL,A44591
N37298,Boeing 737-824,United Airlines,United Airlines,B738,UA / UAL,A43EED
N818UA,Airbus A319-131,United Airlines,United Airlines,A319,UA / UAL,AB28D7
N587NW,Boeing 757-351,Delta Air Lines,Delta Air Lines,B753,DL / DAL,A7912A
N197PQ,Mitsubishi CRJ-900LR,Delta Connection,Endeavor Air,CRJ9,9E / EDV,A18380
N183UW,Airbus A321-211,American Airlines,American Airlines,A321,AA / AAL,A14DA8
plane_code,AIRCRAFT,AIRLINE,OPERATOR,TYPE CODE,Code,MODE S
N322US,Airbus A320-211,Delta Air Lines,Delta Air Lines,A320,DL / DAL,A37791
N472UA,Airbus A320-232,United Airlines,United Airlines,A320,UA / UAL,A5CA4B
N69063,Boeing 767-424(ER),United Airlines,United Airlines,B764,UA / UAL,A92DFC
N407AS,Boeing 737-990(ER),Alaska Airlines,Alaska Airlines,B739,AS / ASA,A4C6B3
N3744F,Boeing 737-832,Delta Air Lines,Delta Air Lines,B738,DL / DAL,A44591
N37298,Boeing 737-824,United Airlines,United Airlines,B738,UA / UAL,A43EED
N818UA,Airbus A319-131,United Airlines,United Airlines,A319,UA / UAL,AB28D7
N587NW,Boeing 757-351,Delta Air Lines,Delta Air Lines,B753,DL / DAL,A7912A
N197PQ,Mitsubishi CRJ-900LR,Delta Connection,Endeavor Air,CRJ9,9E / EDV,A18380
N183UW,Airbus A321-211,American Airlines,American Airlines,A321,AA / AAL,A14DA8
N16234,Boeing 737-824,United Airlines,United Airlines,B738,UA / UAL,A0FBFA
plane_code,AIRCRAFT,AIRLINE,OPERATOR,TYPE CODE,Code,MODE S
N322US,Airbus A320-211,Delta Air Lines,Delta Air Lines,A320,DL / DAL,A37791
N472UA,Airbus A320-232,United Airlines,United Airlines,A320,UA / UAL,A5CA4B
N69063,Boeing 767-424(ER),United Airlines,United Airlines,B764,UA / UAL,A92DFC
N407AS,Boeing 737-990(ER),Alaska Airlines,Alaska Airlines,B739,AS / ASA,A4C6B3
N3744F,Boeing 737-832,Delta Air Lines,Delta Air Lines,B738,DL / DAL,A44591
N37298,Boeing 737-824,United Airlines,United Airlines,B738,UA / UAL,A43EED
N818UA,Airbus A319-131,United Airlines,United Airlines,A319,UA / UAL,AB28D7
N587NW,Boeing 757-351,Delta Air Lines,Delta Air Lines,B753,DL / DAL,A7912A
N197PQ,Mitsubishi CRJ-900LR,Delta Connection,Endeavor Air,CRJ9,9E / EDV,A18380
N183UW,Airbus A321-211,American Airlines,American Airlines,A321,AA / AAL,A14DA8
N16234,Boeing 737-824,United Airlines,United Airlines,B738,UA / UAL,A0FBFA
N171US,Airbus A321-211,American Airlines,American Airlines,A321,AA / AAL,A11EB7
plane_code,AIRCRAFT,AIRLINE,OPERATOR,TYPE CODE,Code,MODE S
N322US,Airbus A320-211,Delta Air Lines,Delta Air Lines,A320,DL / DAL,A37791
N472UA,Airbus A320-232,United Airlines,United Airlines,A320,UA / UAL,A5CA4B
N69063,Boeing 767-424(ER),United Airlines,United Airlines,B764,UA / UAL,A92DFC
N407AS,Boeing 737-990(ER),Alaska Airlines,Alaska Airlines,B739,AS / ASA,A4C6B3
N3744F,Boeing 737-832,Delta Air Lines,Delta Air Lines,B738,DL / DAL,A44591
N37298,Boeing 737-824,United Airlines,United Airlines,B738,UA / UAL,A43EED
N818UA,Airbus A319-131,United Airlines,United Airlines,A319,UA / UAL,AB28D7
N587NW,Boeing 757-351,Delta Air Lines,Delta Air Lines,B753,DL / DAL,A7912A
N197PQ,Mitsubishi CRJ-900LR,Delta Connection,Endeavor Air,CRJ9,9E / EDV,A18380
N183UW,Airbus A321-211,American Airlines,American Airlines,A321,AA / AAL,A14DA8
N16234,Boeing 737-824,United Airlines,United Airlines,B738,UA / UAL,A0FBFA
N171US,Airbus A321-211,American Airlines,American Airlines,A321,AA / AAL,A11EB7
N12172,Embraer ERJ-145XR,United Express,CommutAir,E45X,C5 / UCA,A05AD1
plane_code,AIRCRAFT,AIRLINE,OPERATOR,TYPE CODE,Code,MODE S
N322US,Airbus A320-211,Delta Air Lines,Delta Air Lines,A320,DL / DAL,A37791
N472UA,Airbus A320-232,United Airlines,United Airlines,A320,UA / UAL,A5CA4B
N69063,Boeing 767-424(ER),United Airlines,United Airlines,B764,UA / UAL,A92DFC
N407AS,Boeing 737-990(ER),Alaska Airlines,Alaska Airlines,B739,AS / ASA,A4C6B3
N3744F,Boeing 737-832,Delta Air Lines,Delta Air Lines,B738,DL / DAL,A44591
N37298,Boeing 737-824,United Airlines,United Airlines,B738,UA / UAL,A43EED
N818UA,Airbus A319-131,United Airlines,United Airlines,A319,UA / UAL,AB28D7
N587NW,Boeing 757-351,Delta Air Lines,Delta Air Lines,B753,DL / DAL,A7912A
N197PQ,Mitsubishi CRJ-900LR,Delta Connection,Endeavor Air,CRJ9,9E / EDV,A18380
N183UW,Airbus A321-211,American Airlines,American Airlines,A321,AA / AAL,A14DA8
N16234,Boeing 737-824,United Airlines,United Airlines,B738,UA / UAL,A0FBFA
N171US,Airbus A321-211,American Airlines,American Airlines,A321,AA / AAL,A11EB7
N12172,Embraer ERJ-145XR,United Express,CommutAir,E45X,C5 / UCA,A05AD1
N107US,Airbus A320-214,American Airlines,American Airlines,A320,AA / AAL,A02088
plane_code,AIRCRAFT,AIRLINE,OPERATOR,TYPE CODE,Code,MODE S
N322US,Airbus A320-211,Delta Air Lines,Delta Air Lines,A320,DL / DAL,A37791
N472UA,Airbus A320-232,United Airlines,United Airlines,A320,UA / UAL,A5CA4B
N69063,Boeing 767-424(ER),United Airlines,United Airlines,B764,UA / UAL,A92DFC
N407AS,Boeing 737-990(ER),Alaska Airlines,Alaska Airlines,B739,AS / ASA,A4C6B3
N3744F,Boeing 737-832,Delta Air Lines,Delta Air Lines,B738,DL / DAL,A44591
N37298,Boeing 737-824,United Airlines,United Airlines,B738,UA / UAL,A43EED
N818UA,Airbus A319-131,United Airlines,United Airlines,A319,UA / UAL,AB28D7
N587NW,Boeing 757-351,Delta Air Lines,Delta Air Lines,B753,DL / DAL,A7912A
N197PQ,Mitsubishi CRJ-900LR,Delta Connection,Endeavor Air,CRJ9,9E / EDV,A18380
N183UW,Airbus A321-211,American Airlines,American Airlines,A321,AA / AAL,A14DA8
N16234,Boeing 737-824,United Airlines,United Airlines,B738,UA / UAL,A0FBFA
N171US,Airbus A321-211,American Airlines,American Airlines,A321,AA / AAL,A11EB7
N12172,Embraer ERJ-145XR,United Express,CommutAir,E45X,C5 / UCA,A05AD1
N107US,Airbus A320-214,American Airlines,American Airlines,A320,AA / AAL,A02088
N439SW,Mitsubishi CRJ-200LR,Delta Connection,SkyWest Airlines,CRJ2,OO / SKW,A54632
plane_code,AIRCRAFT,AIRLINE,OPERATOR,TYPE CODE,Code,MODE S
N322US,Airbus A320-211,Delta Air Lines,Delta Air Lines,A320,DL / DAL,A37791
plane_code,AIRCRAFT,AIRLINE,OPERATOR,TYPE CODE,Code,MODE S
N322US,Airbus A320-211,Delta Air Lines,Delta Air Lines,A320,DL / DAL,A37791
N69063,Boeing 767-424(ER),United Airlines,United Airlines,B764,UA / UAL,A92DFC
plane_code,AIRCRAFT,AIRLINE,OPERATOR,TYPE CODE,Code,MODE S
N322US,Airbus A320-211,Delta Air Lines,Delta Air Lines,A320,DL / DAL,A37791
N69063,Boeing 767-424(ER),United Airlines,United Airlines,B764,UA / UAL,A92DFC
N407AS,Boeing 737-990(ER),Alaska Airlines,Alaska Airlines,B739,AS / ASA,A4C6B3
N472UA,Airbus A320-232,United Airlines,United Airlines,A320,UA / UAL,A5CA4B
plane_code,AIRCRAFT,AIRLINE,OPERATOR,TYPE CODE,Code,MODE S
N322US,Airbus A320-211,Delta Air Lines,Delta Air Lines,A320,DL / DAL,A37791
N69063,Boeing 767-424(ER),United Airlines,United Airlines,B764,UA / UAL,A92DFC
N407AS,Boeing 737-990(ER),Alaska Airlines,Alaska Airlines,B739,AS / ASA,A4C6B3
plane_code,AIRCRAFT,AIRLINE,OPERATOR,TYPE CODE,Code,MODE S
N322US,Airbus A320-211,Delta Air Lines,Delta Air Lines,A320,DL / DAL,A37791
N69063,Boeing 767-424(ER),United Airlines,United Airlines,B764,UA / UAL,A92DFC
N407AS,Boeing 737-990(ER),Alaska Airlines,Alaska Airlines,B739,AS / ASA,A4C6B3
N472UA,Airbus A320-232,United Airlines,United Airlines,A320,UA / UAL,A5CA4B
N3744F,Boeing 737-832,Delta Air Lines,Delta Air Lines,B738,DL / DAL,A44591
plane_code,AIRCRAFT,AIRLINE,OPERATOR,TYPE CODE,Code,MODE S
N322US,Airbus A320-211,Delta Air Lines,Delta Air Lines,A320,DL / DAL,A37791
N69063,Boeing 767-424(ER),United Airlines,United Airlines,B764,UA / UAL,A92DFC
N407AS,Boeing 737-990(ER),Alaska Airlines,Alaska Airlines,B739,AS / ASA,A4C6B3
N472UA,Airbus A320-232,United Airlines,United Airlines,A320,UA / UAL,A5CA4B
N3744F,Boeing 737-832,Delta Air Lines,Delta Air Lines,B738,DL / DAL,A44591
N439WN,Boeing 737-7H4,Southwest Airlines,Southwest Airlines,B737,WN / SWA,A5468E
plane_code,AIRCRAFT,AIRLINE,OPERATOR,TYPE CODE,Code,MODE S
N322US,Airbus A320-211,Delta Air Lines,Delta Air Lines,A320,DL / DAL,A37791
N69063,Boeing 767-424(ER),United Airlines,United Airlines,B764,UA / UAL,A92DFC
N407AS,Boeing 737-990(ER),Alaska Airlines,Alaska Airlines,B739,AS / ASA,A4C6B3
N472UA,Airbus A320-232,United Airlines,United Airlines,A320,UA / UAL,A5CA4B
N3744F,Boeing 737-832,Delta Air Lines,Delta Air Lines,B738,DL / DAL,A44591
N439WN,Boeing 737-7H4,Southwest Airlines,Southwest Airlines,B737,WN / SWA,A5468E
N706TW,Boeing 757-2Q8,Delta Air Lines,Delta Air Lines,B752,DL / DAL,A96C96
plane_code,AIRCRAFT,AIRLINE,OPERATOR,TYPE CODE,Code,MODE S
N322US,Airbus A320-211,Delta Air Lines,Delta Air Lines,A320,DL / DAL,A37791
N69063,Boeing 767-424(ER),United Airlines,United Airlines,B764,UA / UAL,A92DFC
N407AS,Boeing 737-990(ER),Alaska Airlines,Alaska Airlines,B739,AS / ASA,A4C6B3
N472UA,Airbus A320-232,United Airlines,United Airlines,A320,UA / UAL,A5CA4B
N3744F,Boeing 737-832,Delta Air Lines,Delta Air Lines,B738,DL / DAL,A44591
N439WN,Boeing 737-7H4,Southwest Airlines,Southwest Airlines,B737,WN / SWA,A5468E
N706TW,Boeing 757-2Q8,Delta Air Lines,Delta Air Lines,B752,DL / DAL,A96C96
N108UW,Airbus A320-214,American Airlines,American Airlines,A320,AA / AAL,A02443
plane_code,AIRCRAFT,AIRLINE,OPERATOR,TYPE CODE,Code,MODE S
N322US,Airbus A320-211,Delta Air Lines,Delta Air Lines,A320,DL / DAL,A37791
N69063,Boeing 767-424(ER),United Airlines,United Airlines,B764,UA / UAL,A92DFC
N407AS,Boeing 737-990(ER),Alaska Airlines,Alaska Airlines,B739,AS / ASA,A4C6B3
N472UA,Airbus A320-232,United Airlines,United Airlines,A320,UA / UAL,A5CA4B
N3744F,Boeing 737-832,Delta Air Lines,Delta Air Lines,B738,DL / DAL,A44591
N439WN,Boeing 737-7H4,Southwest Airlines,Southwest Airlines,B737,WN / SWA,A5468E
N706TW,Boeing 757-2Q8,Delta Air Lines,Delta Air Lines,B752,DL / DAL,A96C96
N108UW,Airbus A320-214,American Airlines,American Airlines,A320,AA / AAL,A02443
N606SK,Mitsubishi CRJ-701ER,American Eagle,SkyWest Airlines,CRJ7,OO / SKW,A7DF23
plane_code,AIRCRAFT,AIRLINE,OPERATOR,TYPE CODE,Code,MODE S
N322US,Airbus A320-211,Delta Air Lines,Delta Air Lines,A320,DL / DAL,A37791
N69063,Boeing 767-424(ER),United Airlines,United Airlines,B764,UA / UAL,A92DFC
N407AS,Boeing 737-990(ER),Alaska Airlines,Alaska Airlines,B739,AS / ASA,A4C6B3
N472UA,Airbus A320-232,United Airlines,United Airlines,A320,UA / UAL,A5CA4B
N3744F,Boeing 737-832,Delta Air Lines,Delta Air Lines,B738,DL / DAL,A44591
N439WN,Boeing 737-7H4,Southwest Airlines,Southwest Airlines,B737,WN / SWA,A5468E
N706TW,Boeing 757-2Q8,Delta Air Lines,Delta Air Lines,B752,DL / DAL,A96C96
N108UW,Airbus A320-214,American Airlines,American Airlines,A320,AA / AAL,A02443
N606SK,Mitsubishi CRJ-701ER,American Eagle,SkyWest Airlines,CRJ7,OO / SKW,A7DF23
N938SW,Mitsubishi CRJ-200LR,United Express,SkyWest Airlines,CRJ2,OO / SKW,AD0506
plane_code,AIRCRAFT,AIRLINE,OPERATOR,TYPE CODE,Code,MODE S
N322US,Airbus A320-211,Delta Air Lines,Delta Air Lines,A320,DL / DAL,A37791
N69063,Boeing 767-424(ER),United Airlines,United Airlines,B764,UA / UAL,A92DFC
N407AS,Boeing 737-990(ER),Alaska Airlines,Alaska Airlines,B739,AS / ASA,A4C6B3
N472UA,Airbus A320-232,United Airlines,United Airlines,A320,UA / UAL,A5CA4B
N3744F,Boeing 737-832,Delta Air Lines,Delta Air Lines,B738,DL / DAL,A44591
N439WN,Boeing 737-7H4,Southwest Airlines,Southwest Airlines,B737,WN / SWA,A5468E
N706TW,Boeing 757-2Q8,Delta Air Lines,Delta Air Lines,B752,DL / DAL,A96C96
N108UW,Airbus A320-214,American Airlines,American Airlines,A320,AA / AAL,A02443
N606SK,Mitsubishi CRJ-701ER,American Eagle,SkyWest Airlines,CRJ7,OO / SKW,A7DF23
N938SW,Mitsubishi CRJ-200LR,United Express,SkyWest Airlines,CRJ2,OO / SKW,AD0506
N905SW,Mitsubishi CRJ-200LR,United Express,SkyWest Airlines,CRJ2,OO / SKW,AC8364
plane_code,AIRCRAFT,AIRLINE,OPERATOR,TYPE CODE,Code,MODE S
N322US,Airbus A320-211,Delta Air Lines,Delta Air Lines,A320,DL / DAL,A37791
plane_code,AIRCRAFT,AIRLINE,OPERATOR,TYPE CODE,Code,MODE S
N322US,Airbus A320-211,Delta Air Lines,Delta Air Lines,A320,DL / DAL,A37791
N472UA,Airbus A320-232,United Airlines,United Airlines,A320,UA / UAL,A5CA4B
plane_code,AIRCRAFT,AIRLINE,OPERATOR,TYPE CODE,Code,MODE S
N322US,Airbus A320-211,Delta Air Lines,Delta Air Lines,A320,DL / DAL,A37791
N472UA,Airbus A320-232,United Airlines,United Airlines,A320,UA / UAL,A5CA4B
N69063,Boeing 767-424(ER),United Airlines,United Airlines,B764,UA / UAL,A92DFC
N407AS,Boeing 737-990(ER),Alaska Airlines,Alaska Airlines,B739,AS / ASA,A4C6B3
plane_code,AIRCRAFT,AIRLINE,OPERATOR,TYPE CODE,Code,MODE S
N322US,Airbus A320-211,Delta Air Lines,Delta Air Lines,A320,DL / DAL,A37791
N472UA,Airbus A320-232,United Airlines,United Airlines,A320,UA / UAL,A5CA4B
N69063,Boeing 767-424(ER),United Airlines,United Airlines,B764,UA / UAL,A92DFC
plane_code,AIRCRAFT,AIRLINE,OPERATOR,TYPE CODE,Code,MODE S
N322US,Airbus A320-211,Delta Air Lines,Delta Air Lines,A320,DL / DAL,A37791
N472UA,Airbus A320-232,United Airlines,United Airlines,A320,UA / UAL,A5CA4B
N69063,Boeing 767-424(ER),United Airlines,United Airlines,B764,UA / UAL,A92DFC
N407AS,Boeing 737-990(ER),Alaska Airlines,Alaska Airlines,B739,AS / ASA,A4C6B3
N3744F,Boeing 737-832,Delta Air Lines,Delta Air Lines,B738,DL / DAL,A44591
plane_code,AIRCRAFT,AIRLINE,OPERATOR,TYPE CODE,Code,MODE S
N322US,Airbus A320-211,Delta Air Lines,Delta Air Lines,A320,DL / DAL,A37791
N472UA,Airbus A320-232,United Airlines,United Airlines,A320,UA / UAL,A5CA4B
N69063,Boeing 767-424(ER),United Airlines,United Airlines,B764,UA / UAL,A92DFC
N407AS,Boeing 737-990(ER),Alaska Airlines,Alaska Airlines,B739,AS / ASA,A4C6B3
N3744F,Boeing 737-832,Delta Air Lines,Delta Air Lines,B738,DL / DAL,A44591
N818UA,Airbus A319-131,United Airlines,United Airlines,A319,UA / UAL,AB28D7
plane_code,AIRCRAFT,AIRLINE,OPERATOR,TYPE CODE,Code,MODE S
N322US,Airbus A320-211,Delta Air Lines,Delta Air Lines,A320,DL / DAL,A37791
N472UA,Airbus A320-232,United Airlines,United Airlines,A320,UA / UAL,A5CA4B
N69063,Boeing 767-424(ER),United Airlines,United Airlines,B764,UA / UAL,A92DFC
N407AS,Boeing 737-990(ER),Alaska Airlines,Alaska Airlines,B739,AS / ASA,A4C6B3
N3744F,Boeing 737-832,Delta Air Lines,Delta Air Lines,B738,DL / DAL,A44591
N818UA,Airbus A319-131,United Airlines,United Airlines,A319,UA / UAL,AB28D7
N37298,Boeing 737-824,United Airlines,United Airlines,B738,UA / UAL,A43EED
plane_code,AIRCRAFT,AIRLINE,OPERATOR,TYPE CODE,Code,MODE S
N322US,Airbus A320-211,Delta Air Lines,Delta Air Lines,A320,DL / DAL,A37791
N472UA,Airbus A320-232,United Airlines,United Airlines,A320,UA / UAL,A5CA4B
N69063,Boeing 767-424(ER),United Airlines,United Airlines,B764,UA / UAL,A92DFC
N407AS,Boeing 737-990(ER),Alaska Airlines,Alaska Airlines,B739,AS / ASA,A4C6B3
N3744F,Boeing 737-832,Delta Air Lines,Delta Air Lines,B738,DL / DAL,A44591
N818UA,Airbus A319-131,United Airlines,United Airlines,A319,UA / UAL,AB28D7
N37298,Boeing 737-824,United Airlines,United Airlines,B738,UA / UAL,A43EED
N587NW,Boeing 757-351,Delta Air Lines,Delta Air Lines,B753,DL / DAL,A7912A
plane_code,AIRCRAFT,AIRLINE,OPERATOR,TYPE CODE,Code,MODE S
N322US,Airbus A320-211,Delta Air Lines,Delta Air Lines,A320,DL / DAL,A37791
N472UA,Airbus A320-232,United Airlines,United Airlines,A320,UA / UAL,A5CA4B
N69063,Boeing 767-424(ER),United Airlines,United Airlines,B764,UA / UAL,A92DFC
N407AS,Boeing 737-990(ER),Alaska Airlines,Alaska Airlines,B739,AS / ASA,A4C6B3
N3744F,Boeing 737-832,Delta Air Lines,Delta Air Lines,B738,DL / DAL,A44591
N818UA,Airbus A319-131,United Airlines,United Airlines,A319,UA / UAL,AB28D7
N37298,Boeing 737-824,United Airlines,United Airlines,B738,UA / UAL,A43EED
N587NW,Boeing 757-351,Delta Air Lines,Delta Air Lines,B753,DL / DAL,A7912A
N171US,Airbus A321-211,American Airlines,American Airlines,A321,AA / AAL,A11EB7
plane_code,AIRCRAFT,AIRLINE,OPERATOR,TYPE CODE,Code,MODE S
N322US,Airbus A320-211,Delta Air Lines,Delta Air Lines,A320,DL / DAL,A37791
N472UA,Airbus A320-232,United Airlines,United Airlines,A320,UA / UAL,A5CA4B
N69063,Boeing 767-424(ER),United Airlines,United Airlines,B764,UA / UAL,A92DFC
N407AS,Boeing 737-990(ER),Alaska Airlines,Alaska Airlines,B739,AS / ASA,A4C6B3
N3744F,Boeing 737-832,Delta Air Lines,Delta Air Lines,B738,DL / DAL,A44591
N818UA,Airbus A319-131,United Airlines,United Airlines,A319,UA / UAL,AB28D7
N37298,Boeing 737-824,United Airlines,United Airlines,B738,UA / UAL,A43EED
N587NW,Boeing 757-351,Delta Air Lines,Delta Air Lines,B753,DL / DAL,A7912A
N171US,Airbus A321-211,American Airlines,American Airlines,A321,AA / AAL,A11EB7
N16234,Boeing 737-824,United Airlines,United Airlines,B738,UA / UAL,A0FBFA
plane_code,AIRCRAFT,AIRLINE,OPERATOR,TYPE CODE,Code,MODE S
N322US,Airbus A320-211,Delta Air Lines,Delta Air Lines,A320,DL / DAL,A37791
N472UA,Airbus A320-232,United Airlines,United Airlines,A320,UA / UAL,A5CA4B
N69063,Boeing 767-424(ER),United Airlines,United Airlines,B764,UA / UAL,A92DFC
N407AS,Boeing 737-990(ER),Alaska Airlines,Alaska Airlines,B739,AS / ASA,A4C6B3
N3744F,Boeing 737-832,Delta Air Lines,Delta Air Lines,B738,DL / DAL,A44591
N818UA,Airbus A319-131,United Airlines,United Airlines,A319,UA / UAL,AB28D7
N37298,Boeing 737-824,United Airlines,United Airlines,B738,UA / UAL,A43EED
N587NW,Boeing 757-351,Delta Air Lines,Delta Air Lines,B753,DL / DAL,A7912A
N171US,Airbus A321-211,American Airlines,American Airlines,A321,AA / AAL,A11EB7
N16234,Boeing 737-824,United Airlines,United Airlines,B738,UA / UAL,A0FBFA
N183UW,Airbus A321-211,American Airlines,American Airlines,A321,AA / AAL,A14DA8
plane_code,AIRCRAFT,AIRLINE,OPERATOR,TYPE CODE,Code,MODE S
N322US,Airbus A320-211,Delta Air Lines,Delta Air Lines,A320,DL / DAL,A37791
N472UA,Airbus A320-232,United Airlines,United Airlines,A320,UA / UAL,A5CA4B
N69063,Boeing 767-424(ER),United Airlines,United Airlines,B764,UA / UAL,A92DFC
N407AS,Boeing 737-990(ER),Alaska Airlines,Alaska Airlines,B739,AS / ASA,A4C6B3
N3744F,Boeing 737-832,Delta Air Lines,Delta Air Lines,B738,DL / DAL,A44591
N818UA,Airbus A319-131,United Airlines,United Airlines,A319,UA / UAL,AB28D7
N37298,Boeing 737-824,United Airlines,United Airlines,B738,UA / UAL,A43EED
N587NW,Boeing 757-351,Delta Air Lines,Delta Air Lines,B753,DL / DAL,A7912A
N171US,Airbus A321-211,American Airlines,American Airlines,A321,AA / AAL,A11EB7
N16234,Boeing 737-824,United Airlines,United Airlines,B738,UA / UAL,A0FBFA
N183UW,Airbus A321-211,American Airlines,American Airlines,A321,AA / AAL,A14DA8
N197PQ,Mitsubishi CRJ-900LR,Delta Connection,Endeavor Air,CRJ9,9E / EDV,A18380
plane_code,AIRCRAFT,AIRLINE,OPERATOR,TYPE CODE,Code,MODE S
N322US,Airbus A320-211,Delta Air Lines,Delta Air Lines,A320,DL / DAL,A37791
N472UA,Airbus A320-232,United Airlines,United Airlines,A320,UA / UAL,A5CA4B
N69063,Boeing 767-424(ER),United Airlines,United Airlines,B764,UA / UAL,A92DFC
N407AS,Boeing 737-990(ER),Alaska Airlines,Alaska Airlines,B739,AS / ASA,A4C6B3
N3744F,Boeing 737-832,Delta Air Lines,Delta Air Lines,B738,DL / DAL,A44591
N818UA,Airbus A319-131,United Airlines,United Airlines,A319,UA / UAL,AB28D7
N37298,Boeing 737-824,United Airlines,United Airlines,B738,UA / UAL,A43EED
N587NW,Boeing 757-351,Delta Air Lines,Delta Air Lines,B753,DL / DAL,A7912A
N171US,Airbus A321-211,American Airlines,American Airlines,A321,AA / AAL,A11EB7
N16234,Boeing 737-824,United Airlines,United Airlines,B738,UA / UAL,A0FBFA
N183UW,Airbus A321-211,American Airlines,American Airlines,A321,AA / AAL,A14DA8
N197PQ,Mitsubishi CRJ-900LR,Delta Connection,Endeavor Air,CRJ9,9E / EDV,A18380
N107US,Airbus A320-214,American Airlines,American Airlines,A320,AA / AAL,A02088
plane_code,AIRCRAFT,AIRLINE,OPERATOR,TYPE CODE,Code,MODE S
plane_code,AIRCRAFT,AIRLINE,OPERATOR,TYPE CODE,Code,MODE S
plane_code,AIRCRAFT,AIRLINE,OPERATOR,TYPE CODE,Code,MODE S
plane_code,AIRCRAFT,AIRLINE,OPERATOR,TYPE CODE,Code,MODE S
plane_code,AIRCRAFT,AIRLINE,OPERATOR,TYPE CODE,Code,MODE S
plane_code,AIRCRAFT,AIRLINE,OPERATOR,TYPE CODE,Code,MODE S
plane_code,AIRCRAFT,AIRLINE,OPERATOR,TYPE CODE,Code,MODE S
plane_code,AIRCRAFT,AIRLINE,OPERATOR,TYPE CODE,Code,MODE S
plane_code,AIRCRAFT,AIRLINE,OPERATOR,TYPE CODE,Code,MODE S
plane_code,AIRCRAFT,AIRLINE,OPERATOR,TYPE CODE,Code,MODE S
plane_code,AIRCRAFT,AIRLINE,OPERATOR,TYPE CODE,Code,MODE S
plane_code,AIRCRAFT,AIRLINE,OPERATOR,TYPE CODE,Code,MODE S
plane_code,AIRCRAFT,AIRLINE,OPERATOR,TYPE CODE,Code,MODE S
plane_code,AIRCRAFT,AIRLINE,OPERATOR,TYPE CODE,Code,MODE S
plane_code,AIRCRAFT,AIRLINE,OPERATOR,TYPE CODE,Code,MODE S
plane_code,AIRCRAFT,AIRLINE,OPERATOR,TYPE CODE,Code,MODE S
plane_code,AIRCRAFT,AIRLINE,OPERATOR,TYPE CODE,Code,MODE S
plane_code,AIRCRAFT,AIRLINE,OPERATOR,TYPE CODE,Code,MODE S
plane_code,AIRCRAFT,AIRLINE,OPERATOR,TYPE CODE,Code,MODE S
plane_code,AIRCRAFT,AIRLINE,OPERATOR,TYPE CODE,Code,MODE S
plane_code,AIRCRAFT,AIRLINE,OPERATOR,TYPE CODE,Code,MODE S
plane_code,AIRCRAFT,AIRLINE,OPERATOR,TYPE CODE,Code,MODE S
plane_code,AIRCRAFT,AIRLINE,OPERATOR,TYPE CODE,Code,MODE S
plane_code,AIRCRAFT,AIRLINE,OPERATOR,TYPE CODE,Code,MODE S
